nodes	layers	epochs	loss_test	loss_train
5	3	10	0.0032831016	0.0035310427
5	3	20	0.014433166	0.015006941
5	3	50	0.001246198	0.0011635914
5	3	200	0.0006471392	0.00066201115
5	3	500	0.00060937344	0.0005840137
10	3	10	0.038857874	0.039914213
10	3	20	0.039774794	0.03982117
10	3	50	0.039931506	0.03976085
10	3	200	0.0007084477	0.0006800704
10	3	500	0.0004657102	0.00046323257
15	3	10	0.039958768	0.039775576
15	3	20	0.039835293	0.039924365
